fees,duration,duration_name,country_name
"NZ$25,000 plus NZ$240",1 year,1 - 2 years,New Zealand
"NZ$20,400 plus NZ$240",40 weeks full-time,0 - 1 year,New Zealand
"NZ$20,400 plus NZ$240",40 weeks including six weeks of study break,0 - 1 year,New Zealand
"NZ$20,400 plus NZ$240",40 weeks full-time,0 - 1 year,New Zealand
"NZ$20,400 plus NZ$240",40 weeks including six weeks of study break,0 - 1 year,New Zealand
400 plus NZ$240,1 Year,1 - 2 years,New Zealand
"NZ$30,000.00 plus NZ$240.00",2 years,2 - 3 years,New Zealand
"NZ$25,000 plus NZ$240/ year",3 Years,3 - 4 years,New Zealand
"NZ$25,000 plus NZ$240",3 Years(full time&part time),3 - 4 years,New Zealand
"NZ$25,000 plus NZ$240",1 year,1 - 2 years,New Zealand
"NZ$25,000 plus NZ$240",3 Years,3 - 4 years,New Zealand
"NZ$25,000 plus NZ$246",1 year,1 - 2 years,New Zealand
"NZ$28,000 plus NZ$240 / Year",3 years,3 - 4 years,New Zealand
"NZ$25,000 plus NZ$240",3 years,3 - 4 years,New Zealand
"NZ$20,400 plus NZ$240/ Year",4 years,More than 4 years,New Zealand
"NZ$25,000 plus NZ$246",3 years,3 - 4 years,New Zealand
"NZ$32,500.00 plus NZ$240.00",1 year,1 - 2 years,New Zealand
"NZ$40,000 (for 1.5 years)",51 teaching weeks and up to 8 weeks of study breaks (1.5 years),1 - 2 years,New Zealand
"NZ$ 25,000",1 year full-time,1 - 2 years,New Zealand
"NZ$ 25,000",1 year full-time,1 - 2 years,New Zealand
"NZ$ 12,000","19 weeks, full-time",0 - 1 year,New Zealand
"NZ$ 25,000","1 year, full-time",1 - 2 years,New Zealand
"NZ$ 25,000",1 year full-time,1 - 2 years,New Zealand
"NZ$ 25,000",1 year fill-time,1 - 2 years,New Zealand
"NZ$ 25,000.00",1 year full-time,1 - 2 years,New Zealand
"NZ$ 25,000.00",1 year full-time,1 - 2 years,New Zealand
"NZ$ 25,000.00",1 year full-time,1 - 2 years,New Zealand
"NZ$ 25,000.00",1 year full-time,1 - 2 years,New Zealand
"NZ$ 25,000.00",18 Months full-time,1 - 2 years,New Zealand
"NZ$ 25,000.00",1 year full-time,1 - 2 years,New Zealand
"NZ$ 25,000.00",1 year part-time (36 weeks),1 - 2 years,New Zealand
"NZ$ 25,000.00",1 year full-time,1 - 2 years,New Zealand
"NZ$ 25,000.00",2 years full-time,2 - 3 years,New Zealand
"NZ$ 25,000.00",1 year full-time,1 - 2 years,New Zealand
"NZ$ 25,000.00",1 year full-time,1 - 2 years,New Zealand
"NZ$ 25,000.00",1 year full-time,1 - 2 years,New Zealand
"NZ$ 25,000.00",2 years full-time,2 - 3 years,New Zealand
"NZ$ 25,000.00",2 years full-time,2 - 3 years,New Zealand
"NZ$ 25,000.00","1 year, full-time 
",1 - 2 years,New Zealand
"NZ$ 25,000.00",3 years full-time,3 - 4 years,New Zealand
"NZ$ 25,000.00",1 year full-time,1 - 2 years,New Zealand
"NZ$ 25,000.00",1 year full-time,1 - 2 years,New Zealand
"NZ$ 25,000.00",1 year full-time,1 - 2 years,New Zealand
"NZ$ 25,000.00",1 year full-time,1 - 2 years,New Zealand
"NZ$ 25,000.00",1 year full-time,1 - 2 years,New Zealand
"NZ$ 25,000.00",3 year full-time,3 - 4 years,New Zealand
"NZ$ 25,000.00",3 year full-time,3 - 4 years,New Zealand
"NZ$ 25,000.00",1 year full-time,1 - 2 years,New Zealand
"NZ$ 25,000.00",1 year full-time,1 - 2 years,New Zealand
"NZ$ 25,000.00","3 years, full-time",3 - 4 years,New Zealand
"NZ$ 25,000.00","3 years, full-time",3 - 4 years,New Zealand
"NZ$ 32,500","1 year, full-time",1 - 2 years,New Zealand
"NZ$ 32,500","18 months, full-time",1 - 2 years,New Zealand
"NZ$ 25,000.00","3 years, full-time",3 - 4 years,New Zealand
"NZ$ 25,000.00","3 years, full-time",3 - 4 years,New Zealand
"NZ$25,000 plus NZ$300",3 Year,3 - 4 years,New Zealand
"NZ$25,000 plus NZ$300",1 Year,1 - 2 years,New Zealand
NZ$25000,1 Year,1 - 2 years,New Zealand
NZ$25000,1 Year,1 - 2 years,New Zealand
NZ$25000,1 Year,1 - 2 years,New Zealand
NZ$25000,1 year,1 - 2 years,New Zealand
NZ$25000,2 Years,2 - 3 years,New Zealand
NZ$25000,2 Years,2 - 3 years,New Zealand
NZ$25000,1 Year,1 - 2 years,New Zealand
NZ$41667,1 Year,1 - 2 years,New Zealand
NZ$25000,4 Years (Part time),More than 4 years,New Zealand
NZ$25000,1 Year,1 - 2 years,New Zealand
NZ$18750,29 Weeks,0 - 1 year,New Zealand
NZ$25000,1 Year,1 - 2 years,New Zealand
NZ$25000,1 Semester,0 - 1 year,New Zealand
NZ$25000,1 Year,1 - 2 years,New Zealand
NZ$25000,1 Year,1 - 2 years,New Zealand
NZ$25000,1 Year,1 - 2 years,New Zealand
NZ$25000 per year,3 Years,3 - 4 years,New Zealand
NZ$25000 per year,3 Years,3 - 4 years,New Zealand
NZ$32725,3 Years,3 - 4 years,New Zealand
"NZ$$ 27,500 - 55,000",2 Years,2 - 3 years,New Zealand
NZ$25000,2 Years,2 - 3 years,New Zealand
NZ$25000,2 Years,2 - 3 years,New Zealand
NZ$27500,1 Year,1 - 2 years,New Zealand
NZ$27500,1 Year,1 - 2 years,New Zealand
NZ$27500,1 Year,1 - 2 years,New Zealand
NZ$12500,1 Semester,0 - 1 year,New Zealand
NZ$25000,1 Year,1 - 2 years,New Zealand
NZ$25000,2 Years,2 - 3 years,New Zealand
NZ$25000,3 Years,3 - 4 years,New Zealand
NZ$25000,2 Years,2 - 3 years,New Zealand
NZ$25000,1 Year,1 - 2 years,New Zealand
NZ$25000,3 Years,3 - 4 years,New Zealand
NZ$25000,1 Semester,0 - 1 year,New Zealand
NZ$25000,3 Years,3 - 4 years,New Zealand
NZ$25000,1 Year,1 - 2 years,New Zealand
NZ$25000,1 Year,1 - 2 years,New Zealand
NZ$25000,1 Year,1 - 2 years,New Zealand
NZ$25000,1 Year,1 - 2 years,New Zealand
NZ$25000,34 Weeks,0 - 1 year,New Zealand
NZ$28000,2 Years,2 - 3 years,New Zealand
NZ$28000,2 Years,2 - 3 years,New Zealand
NZ$28000,2 Years,2 - 3 years,New Zealand
NZ$8000,1 Semester,0 - 1 year,New Zealand
NZ$8000,1 Semester,0 - 1 year,New Zealand
NZ$25000,3 Years,3 - 4 years,New Zealand
NZ$To be Confirmed,3 Years,3 - 4 years,New Zealand
NZ$38750,1.5 Years,1 - 2 years,New Zealand
NZ$25000,1 Year,1 - 2 years,New Zealand
NZ$25000,1 Year,1 - 2 years,New Zealand
NZ$25000,1 Year,1 - 2 years,New Zealand
NZ$25000,1 Year,1 - 2 years,New Zealand
NZ$272 - NZ$2368,1 Week,0 - 1 year,New Zealand
NZ$To be Confirmed,27 Weeks,0 - 1 year,New Zealand
NZ$28000,3 Years,3 - 4 years,New Zealand
NZ$25000,1 Year,1 - 2 years,New Zealand
NZ$ 25000,1 Year,1 - 2 years,New Zealand
NZ$14584,18 Weeks,0 - 1 year,New Zealand
NZ$14584,1 Semester,0 - 1 year,New Zealand
NZ$12500,1 Semester,0 - 1 year,New Zealand
NZ$25000,1.5 Years,1 - 2 years,New Zealand
NZ$25000,1 Year,1 - 2 years,New Zealand
NZ$25000,1 Year,1 - 2 years,New Zealand
NZ$To be Confirmed,1 Year (part time),1 - 2 years,New Zealand
NZ$15625,1 Year (part time),1 - 2 years,New Zealand
NZ$18750,1 Year (part time),1 - 2 years,New Zealand
NZ$25000,1 Year,1 - 2 years,New Zealand
NZ$2084,6 Weeks,0 - 1 year,New Zealand
NZ$25000,1 Year,1 - 2 years,New Zealand
NZ$10448,12 Weeks,0 - 1 year,New Zealand
NZ$38750,1.5 Years,1 - 2 years,New Zealand
NZ$27500,1 Year,1 - 2 years,New Zealand
NZ$25000,4 Years,More than 4 years,New Zealand
NZ$To be Confirmed,3 Years,3 - 4 years,New Zealand
NZ$25000,1 Year,1 - 2 years,New Zealand
NZ$25000,1 Year,1 - 2 years,New Zealand
NZ$25000,2 Years,2 - 3 years,New Zealand
NZ$25000,3 Years,3 - 4 years,New Zealand
NZ$38750,1.5 Years,1 - 2 years,New Zealand
NZ$38750,1.5 Years,1 - 2 years,New Zealand
NZ$25000,1 Year,1 - 2 years,New Zealand
NZ$27500,1 Year,1 - 2 years,New Zealand
NZ$25000,1 Year,1 - 2 years,New Zealand
NZ$43000,1 Year,1 - 2 years,New Zealand
"
NZ$25,000",3 Year,3 - 4 years,New Zealand
"
NZ$25,000",3 Years,3 - 4 years,New Zealand
"
NZ$25,000",3 Year,3 - 4 years,New Zealand
"
NZ$25,000",1 Year,1 - 2 years,New Zealand
"
NZ$25,000",1 Year,1 - 2 years,New Zealand
"
NZ$25,000",1 Year,1 - 2 years,New Zealand
"NZ$25,570",1 Year,1 - 2 years,New Zealand
"NZ$32,500",1 Year,1 - 2 years,New Zealand
"
NZ$25,000",1 Year,1 - 2 years,New Zealand
"
NZ$25,000",1 Year,1 - 2 years,New Zealand
"
NZ$25,000",2 Year,2 - 3 years,New Zealand
"NZ$22,000",2 Year,2 - 3 years,New Zealand
"
NZ$25,000",3 Years,3 - 4 years,New Zealand
"
NZ$25,000",1 Year,1 - 2 years,New Zealand
"
NZ$30,000",2 Years,2 - 3 years,New Zealand
"NZ$30,000 
",2 Years,2 - 3 years,New Zealand
"
NZ$25,000",3 Year,3 - 4 years,New Zealand
"
NZ$35,000",1 Year,1 - 2 years,New Zealand
"
NZ$25,000",1 year,1 - 2 years,New Zealand
"
NZ$25,000",1 Year,1 - 2 years,New Zealand
"
NZ$25,000",1 year,1 - 2 years,New Zealand
"NZ$25,000",18 months,1 - 2 years,New Zealand
"
NZ$25,000",3 years,3 - 4 years,New Zealand
"NZ$32,867 per 120 credits",1.5 years(18 months),1 - 2 years,New Zealand
"NZ$32,867 per 120 credits",1.5 years(18 months),1 - 2 years,New Zealand
"NZ$32,867 per 120 credits",1.5 years(18 months),1 - 2 years,New Zealand
"NZ$32,867 per 120 credits",2 years,2 - 3 years,New Zealand
"NZ$32,867 per 120 credits",1.5 years(18 months),1 - 2 years,New Zealand
"NZ$32,877 per 120 credits",1.5 years(18 months),1 - 2 years,New Zealand
not open for international students,1.5 years(18 months),1 - 2 years,New Zealand
"NZ$32,867 per 120 credits","1,5 years(18 months)",1 - 2 years,New Zealand
"NZ$32,867 per 120 credits",18 months,1 - 2 years,New Zealand
"NZ$32,867",1 year,1 - 2 years,New Zealand
"NZ$32,867",1 year,1 - 2 years,New Zealand
"NZ$32,867",1 year,1 - 2 years,New Zealand
"NZ$25,367",1 year,1 - 2 years,New Zealand
"NZ$25,377 *",1 year,1 - 2 years,New Zealand
"NZ$25,367",1 year,1 - 2 years,New Zealand
"NZ$25,367",1 year,1 - 2 years,New Zealand
"NZ$25,367",1 year,1 - 2 years,New Zealand
"NZ$25,000",3 years,3 - 4 years,New Zealand
"NZ$25,367",3 years,3 - 4 years,New Zealand
"NZ$25,367",4 years,More than 4 years,New Zealand
"NZ$25,367",3 years,3 - 4 years,New Zealand
"NZ$25,367",3 years,3 - 4 years,New Zealand
"NZ$25,367",3 years,3 - 4 years,New Zealand
"NZ$28,367",3 years,3 - 4 years,New Zealand
"NZ$25,367",4 years,More than 4 years,New Zealand
"NZ$25,367",3 years,3 - 4 years,New Zealand
"NZ$30,000",3 years,3 - 4 years,New Zealand
"NZ$30,000",3 years,3 - 4 years,New Zealand
"NZ$25,367",3 years,3 - 4 years,New Zealand
"NZ$25,000",3 years,3 - 4 years,New Zealand
"NZ$25,000",3 years,3 - 4 years,New Zealand
"NZ$25,000",3 years,3 - 4 years,New Zealand
"NZ$25,367",3 years,3 - 4 years,New Zealand
"NZ$25,367",3 years,3 - 4 years,New Zealand
"NZ$25,367",3 years,3 - 4 years,New Zealand
"NZ$25,367",3 years,3 - 4 years,New Zealand
"NZ$25,000",3 years,3 - 4 years,New Zealand
"NZ$25,000",3 years,3 - 4 years,New Zealand
"NZ$25,000",3 years,3 - 4 years,New Zealand
"NZ$25,000",3 years,3 - 4 years,New Zealand
"NZ$25,000",3 years,3 - 4 years,New Zealand
"NZ$25,000",3 years,3 - 4 years,New Zealand
"NZ$25,000",1 year,1 - 2 years,New Zealand
"NZ$25,000",2 years,2 - 3 years,New Zealand
"NZ$25,367",1 year,1 - 2 years,New Zealand
"NZ$25,367",1 year,1 - 2 years,New Zealand
"NZ$25,367",1 year,1 - 2 years,New Zealand
"NZ$30,000",2 years,2 - 3 years,New Zealand
"NZ$30,000",2 years,2 - 3 years,New Zealand
"NZ$25,367",1 year,1 - 2 years,New Zealand
"NZ$25,000",2 years,2 - 3 years,New Zealand
"NZ$25,377",2 years,2 - 3 years,New Zealand
"NZ$25,367",1 year,1 - 2 years,New Zealand
"NZ$25,367",1 year,1 - 2 years,New Zealand
"NZ$25,000",2 years,2 - 3 years,New Zealand
"NZ$9,000",16 weeks,0 - 1 year,New Zealand
"NZ$25,000",1 year,1 - 2 years,New Zealand
"NZ$38,750",FULL-TIME - 1.5 Years (Part-time options available),1 - 2 years,New Zealand
"NZ$27,500",FULL-TIME - 1 Year (Part-time options available),1 - 2 years,New Zealand
"NZ$27,500",FULL-TIME - 1 Year (Part-time options available),1 - 2 years,New Zealand
"NZ$25,000",3years,3 - 4 years,New Zealand
"NZ$25,000",FULL-TIME - 3 Years,3 - 4 years,New Zealand
"NZ$25,000",FULL-TIME - 3 Years,3 - 4 years,New Zealand
"NZ$25,000",FULL-TIME - 3 Years (Part-time options available),3 - 4 years,New Zealand
"NZ$25,000",FULL-TIME - 1 Year (Part-time options available),1 - 2 years,New Zealand
"NZ$25,000",3 Years,3 - 4 years,New Zealand
"NZ$25,000",3 Years,3 - 4 years,New Zealand
"NZ$25,000",3years,3 - 4 years,New Zealand
"NZ$25,000",3years,3 - 4 years,New Zealand
"NZ$25,000",1 Year,1 - 2 years,New Zealand
"NZ$25,000",3 Years,3 - 4 years,New Zealand
"NZ$25,000",FULL-TIME - 3 Years (Part-time options available),3 - 4 years,New Zealand
"NZ$25,000",FULL-TIME - 1 Year ,1 - 2 years,New Zealand
"NZ$25,000",FULL-TIME - 1 Year,1 - 2 years,New Zealand
"NZ$28,000",3years,3 - 4 years,New Zealand
"NZ$25,000",3year,3 - 4 years,New Zealand
"NZ$25,000",FULL-TIME - 3 Years,3 - 4 years,New Zealand
"NZ$25,000",3Years,3 - 4 years,New Zealand
"NZ$25,000",3Years,3 - 4 years,New Zealand
"NZ$28,000",3 Years,3 - 4 years,New Zealand
"NZ$28,000",3Years,3 - 4 years,New Zealand
"NZ$25,000",3 Years,3 - 4 years,New Zealand
"NZ$25,000",3 Years,3 - 4 years,New Zealand
"NZ$25,000",3 Years,3 - 4 years,New Zealand
"NZ$25,000",FULL-TIME - 1 Year (Part-time options available),1 - 2 years,New Zealand
"NZ$25,000",FULL-TIME - 3 Years,3 - 4 years,New Zealand
"NZ$25,000",Full TIme 1 Year,1 - 2 years,New Zealand
"NZ$25,000",FULL-TIME - 3 Years,3 - 4 years,New Zealand
"NZ$25,000",FULL-TIME - 3 Years,3 - 4 years,New Zealand
"NZ$28,000",FULL-TIME - 3 Years (Part-time options available),3 - 4 years,New Zealand
"NZ$25,000",FULL-TIME - 3 Years,3 - 4 years,New Zealand
"NZ$25,000",FULL-TIME - 3 Years (Part-time options available),3 - 4 years,New Zealand
"NZ$25,000",FULL-TIME - 3 Years (Part-time options available),3 - 4 years,New Zealand
"NZ$25,000",FULL-TIME - 3 Years,3 - 4 years,New Zealand
"NZ$25,000",FULL-TIME - 1 Year,1 - 2 years,New Zealand
"NZ$25,000",FULL-TIME - 3 Years,3 - 4 years,New Zealand
"NZ$25,000",FULL-TIME - 3 Years,3 - 4 years,New Zealand
"28,000 NZD (Approx amount of 14 lacs)",FULL-TIME - 3 Years,3 - 4 years,New Zealand
"NZ$25,000",FULL-TIME - 1 Year,1 - 2 years,New Zealand
"NZ$25,000",1Year,1 - 2 years,New Zealand
"NZ$25,000",FULL-TIME - 1 Year (Part-time options available),1 - 2 years,New Zealand
"NZ$25,000",1 Year,1 - 2 years,New Zealand
"NZ$25,000",FULL-TIME - 3 Years (Part-time options available),3 - 4 years,New Zealand
"NZ$25,000",FULL-TIME - 2 Years (Part-time options available),2 - 3 years,New Zealand
"NZ$25,000",FULL-TIME - 1 Year (Part-time options available),1 - 2 years,New Zealand
"NZ$28,000",FULL-TIME - 2 Years (Part-time options available),2 - 3 years,New Zealand
"NZ$28,000",FULL-TIME - 2 Years (Part-time options available),2 - 3 years,New Zealand
"NZ$25,000",FULL-TIME - 2 Years,2 - 3 years,New Zealand
"NZ$28,000",FULL-TIME - 2 Years (Part-time options available),2 - 3 years,New Zealand
"NZ$25,000",FULL-TIME - 1 Year,1 - 2 years,New Zealand
"NZ$25,000",FULL-TIME - 2 Years (Part-time options available),2 - 3 years,New Zealand
"NZ$25,000",FULL-TIME - 1 Year,1 - 2 years,New Zealand
"NZ$25,000",FULL-TIME - 1 Year (Part-time options available),1 - 2 years,New Zealand
"NZ$25,000",FULL-TIME - 1 Year,1 - 2 years,New Zealand
"NZ$25,000",FULL-TIME - 1 Year (Part-time options available),1 - 2 years,New Zealand
"NZ$25,000",Full Time 1 Year,1 - 2 years,New Zealand
"NZ$25,000",FULL-TIME - 1 Year,1 - 2 years,New Zealand
"NZ$25,000",FULL-TIME - 1 Year,1 - 2 years,New Zealand
"NZ$25,000",FULL-TIME - 1 Year,1 - 2 years,New Zealand
"NZ$39,950",1 1/2 years (18 academic months),1 - 2 years,New Zealand
"NZ$39,950 (1.5 years) ",1 1/2 years (18 academic months),1 - 2 years,New Zealand
"NZ$39,950 (1.5 years) ",1 1/2 years (18 academic months),1 - 2 years,New Zealand
"",1 1/2 years (18 academic months),1 - 2 years,New Zealand
"",1 year,1 - 2 years,New Zealand
"NZ$28,500",1 year,1 - 2 years,New Zealand
"NZ$28,500",1 year,1 - 2 years,New Zealand
"NZ$26,000",1 year,1 - 2 years,New Zealand
"NZ$26,000",1 Year,1 - 2 years,New Zealand
"NZ$26,000",1 year,1 - 2 years,New Zealand
"NZ$26,000",1 year,1 - 2 years,New Zealand
"NZ$26,000",1 year,1 - 2 years,New Zealand
"NZ$ 30,500",1 year,1 - 2 years,New Zealand
"NZ$26,000",1 Year,1 - 2 years,New Zealand
"NZ$26,000",1 Year,1 - 2 years,New Zealand
"NZ$26,000",1 Year,1 - 2 years,New Zealand
"",1 year,1 - 2 years,New Zealand
"NZ$26,000",1 Year,1 - 2 years,New Zealand
"NZ$26,000",1 Year,1 - 2 years,New Zealand
"NZ$26,000",1 Year,1 - 2 years,New Zealand
"NZ$26,000",1 Year,1 - 2 years,New Zealand
"NZ$26,000",1 Year,1 - 2 years,New Zealand
"NZ$26,000",1 Year,1 - 2 years,New Zealand
"NZ$26,000",1 Year,1 - 2 years,New Zealand
"NZ$26,000",3 Year,3 - 4 years,New Zealand
"NZ$26,000",3 Year,3 - 4 years,New Zealand
"NZ$26,000",3 Year,3 - 4 years,New Zealand
"NZ$26,000",3 Year,3 - 4 years,New Zealand
"NZ$26,000",3 Year,3 - 4 years,New Zealand
"NZ$26,000",3 Year,3 - 4 years,New Zealand
"NZ$26,000",3 Year,3 - 4 years,New Zealand
"NZ$26,000",3 Year,3 - 4 years,New Zealand
"NZ$29,000",3 Year,3 - 4 years,New Zealand
"NZ$26,000",3 Year,3 - 4 years,New Zealand
"NZ$26,000",3 Year,3 - 4 years,New Zealand
"NZ$26,000",3 Year,3 - 4 years,New Zealand
"NZ$26,000",1 Year,1 - 2 years,New Zealand
"NZ$26,000",2 Year,2 - 3 years,New Zealand
"NZ$26,000",2 Year,2 - 3 years,New Zealand
"NZ$ 29,000",2 Year,2 - 3 years,New Zealand
"NZ$26,000",1 Year,1 - 2 years,New Zealand
"NZ$26,000",1 Year,1 - 2 years,New Zealand
"NZ$26,000",1 Year,1 - 2 years,New Zealand
"NZ$26,000",2 year,2 - 3 years,New Zealand
"NZ$26,000",1 Year,1 - 2 years,New Zealand
"NZ$26,000",2 Year,2 - 3 years,New Zealand
"NZ$26,000",1 Year,1 - 2 years,New Zealand
"NZ$26,000",1 Year,1 - 2 years,New Zealand
"NZ$ 38,500",1.5 Year,1 - 2 years,New Zealand
"NZ$26,000",1 Year,1 - 2 years,New Zealand
"NZ$26,000",1 Year,1 - 2 years,New Zealand
"",1 Year,1 - 2 years,New Zealand
"NZ$26,000",1 Year,1 - 2 years,New Zealand
NZ$25000,2 Year,2 - 3 years,New Zealand
NZ$35000,1 Year,1 - 2 years,New Zealand
NZ$25000,1 Year,1 - 2 years,New Zealand
NZ$25000,3 Year,3 - 4 years,New Zealand
NZ$25000,2 Year,2 - 3 years,New Zealand
NZ$30000,3 Years,3 - 4 years,New Zealand
NZ$30000,2 Years,2 - 3 years,New Zealand
NZ$25000,1 Year,1 - 2 years,New Zealand
NZ$25000,1 Year,1 - 2 years,New Zealand
NZ$25000,1 Year,1 - 2 years,New Zealand
NZ$25000,1 Year,1 - 2 years,New Zealand
NZ$25000,1 Year,1 - 2 years,New Zealand
NZ$25000,1 Year,1 - 2 years,New Zealand
NZ$25000,1 Year,1 - 2 years,New Zealand
NZ$25000,1 Year,1 - 2 years,New Zealand
NZ$25000,3 Year,3 - 4 years,New Zealand
NZ$35000,1 Year,1 - 2 years,New Zealand
NZ$28000,3 Year,3 - 4 years,New Zealand
NZ$25000,4 Year,More than 4 years,New Zealand
NZ$25000,3 Year,3 - 4 years,New Zealand
NZ$28000,4 Year,More than 4 years,New Zealand
NZ$25000,3 Years,3 - 4 years,New Zealand
NZ$25000,3 Years,3 - 4 years,New Zealand
NZ$25000,3 Years,3 - 4 years,New Zealand
NZ$25000,3 Year,3 - 4 years,New Zealand
NZ$25000,3 Year,3 - 4 years,New Zealand
NZ$25000,3 Year,3 - 4 years,New Zealand
NZ$32500,1 Year,1 - 2 years,New Zealand
NZ$32500,1 Year,1 - 2 years,New Zealand
NZ$25000,1 Year,1 - 2 years,New Zealand
NZ$25000, 1 Year,1 - 2 years,New Zealand
NZ$ 48750,18 months,1 - 2 years,New Zealand
NZ$32500,2 Year,2 - 3 years,New Zealand
NZ$48750,18 months,1 - 2 years,New Zealand
NZ$48750,18 months,1 - 2 years,New Zealand
NZ$32500,1 Year ,1 - 2 years,New Zealand
NZ$48750,18 months,1 - 2 years,New Zealand
NZ$25000,1 Year,1 - 2 years,New Zealand
NZ$37500,18 months,1 - 2 years,New Zealand
NZ$25000,1 Year,1 - 2 years,New Zealand
NZ$ 9000,17 weeks,0 - 1 year,New Zealand
NZ$ 25000,1 Year,1 - 2 years,New Zealand
NZ$25000,1 Year,1 - 2 years,New Zealand
NZ$25000,1 Year,1 - 2 years,New Zealand
NZ$25000,1 Year,1 - 2 years,New Zealand
NZ$25000,1 Year,1 - 2 years,New Zealand
NZ$25000,1 Year,1 - 2 years,New Zealand
NZ$9000,17 weeks,0 - 1 year,New Zealand
NZ$25000,1 Year,1 - 2 years,New Zealand
NZ$25000,1 Year,1 - 2 years,New Zealand
"",1 Year,1 - 2 years,New Zealand
"",2 Year,2 - 3 years,New Zealand
"",2 Year,2 - 3 years,New Zealand
"",38 weeks,0 - 1 year,New Zealand
"",1 Year,1 - 2 years,New Zealand
"",1 Year,1 - 2 years,New Zealand
"",3 Year,3 - 4 years,New Zealand
"",1 Year,1 - 2 years,New Zealand
NZ$22000,1 Year,1 - 2 years,New Zealand
"",1 Year,1 - 2 years,New Zealand
"",40 weeks,0 - 1 year,New Zealand
"",40 weeks,0 - 1 year,New Zealand
"",36 weeks,0 - 1 year,New Zealand
"",65 weeks,1 - 2 years,New Zealand
"",32 - 52 weeks,1 - 2 years,New Zealand
"NZ$44,846",3 Year,3 - 4 years,New Zealand
"NZ$43,946 ",3 Year,3 - 4 years,New Zealand
"NZ$41,046 ",3 Year,3 - 4 years,New Zealand
"NZ$45,246 ",4 Year,More than 4 years,New Zealand
"NZ$44,846",1 Year,1 - 2 years,New Zealand
"NZ$44,846",2 Year,2 - 3 years,New Zealand
"NZ$45,746",1 Year,1 - 2 years,New Zealand
"NZ$43,046",1 Year,1 - 2 years,New Zealand
"NZ$41,046",3 Year,3 - 4 years,New Zealand
"NZ$40,646",3 Year,3 - 4 years,New Zealand
"NZ$41,046",1 Year,1 - 2 years,New Zealand
"NZ$40,646",1 Year,1 - 2 years,New Zealand
"NZ$44,346",1.5 Year,1 - 2 years,New Zealand
"NZ$43,046",1 Year,1 - 2 years,New Zealand
"NZ$44,346",1.5 Year,1 - 2 years,New Zealand
"NZ$36,146",4 Year,More than 4 years,New Zealand
"NZ$34,946",3 Year,3 - 4 years,New Zealand
"NZ$38,846",4 Year,More than 4 years,New Zealand
"NZ$37,846",4.5 Year,More than 4 years,New Zealand
"NZ$39,046",4 Year,More than 4 years,New Zealand
"NZ$35,046",1 Year,1 - 2 years,New Zealand
"NZ$34,946",1 Year,1 - 2 years,New Zealand
"NZ$54,819",1 to 1.5 Year,1 - 2 years,New Zealand
"NZ$36,546",1 to 1.5 Year,1 - 2 years,New Zealand
"NZ$58,719",1 to 1.5 Year,1 - 2 years,New Zealand
"NZ$54,819",1 to 1.5 Year,1 - 2 years,New Zealand
"NZ$54,819",1 to 1.5 Year,1 - 2 years,New Zealand
"NZ$43,046",1 Year,1 - 2 years,New Zealand
"NZ$54,819",1 to 1.5 Year,1 - 2 years,New Zealand
"NZ$54,819",1 to 1.5 Year,1 - 2 years,New Zealand
"NZ$36,546",1 Year,1 - 2 years,New Zealand
"NZ$39,146",1 Year,1 - 2 years,New Zealand
"NZ$36,546",1 Year,1 - 2 years,New Zealand
"NZ$36,546",1 Year,1 - 2 years,New Zealand
"NZ$36,546",1 Year,1 - 2 years,New Zealand
"NZ$36,546",1 Year,1 - 2 years,New Zealand
"NZ$33,846",1  Year,1 - 2 years,New Zealand
"NZ$35,146",3 Year,3 - 4 years,New Zealand
"NZ$39,146",1.5 Year,1 - 2 years,New Zealand
"NZ$39,146",1 Year,1 - 2 years,New Zealand
"",1.5 Year,1 - 2 years,New Zealand
"NZ$33,746",3 Year,3 - 4 years,New Zealand
"NZ$39,046",4 Year,More than 4 years,New Zealand
"NZ$36,146",4 Year,More than 4 years,New Zealand
"NZ$33,746",3 Year,3 - 4 years,New Zealand
"NZ$33,746",1 Year,1 - 2 years,New Zealand
"",1 Year,1 - 2 years,New Zealand
"NZ$36,046",1.5 Year,1 - 2 years,New Zealand
"NZ$55,119",1 Year,1 - 2 years,New Zealand
"NZ$36,046",1 Year,1 - 2 years,New Zealand
"NZ$34,808",1 Year,1 - 2 years,New Zealand
"NZ$35,846",2 Year,2 - 3 years,New Zealand
"NZ$39,046",4 Year,More than 4 years,New Zealand
"NZ$38,846",4 Year,More than 4 years,New Zealand
"NZ$39,046",3 Year,3 - 4 years,New Zealand
"NZ$45,246",4 yeasrs,More than 4 years,New Zealand
"NZ$46,146",3yeasrs,3 - 4 years,New Zealand
"NZ$39,146",3 Year,3 - 4 years,New Zealand
"NZ$39,446",1 Year,1 - 2 years,New Zealand
"NZ$39,146",1 Year,1 - 2 years,New Zealand
"NZ$42,746",1 to 1.5 Year,1 - 2 years,New Zealand
"NZ$42,746 per 120 per year",1 to 1.5 Year,1 - 2 years,New Zealand
"NZ$47,546",1 Year,1 - 2 years,New Zealand
"NZ$42,046 per year", 1.5 Year,1 - 2 years,New Zealand
"NZ$45,746",1 to 1.5 Year,1 - 2 years,New Zealand
NZ$45746,1 Year,1 - 2 years,New Zealand
"NZ$45,746",1 Year,1 - 2 years,New Zealand
"NZ$42,746",1 Year,1 - 2 years,New Zealand
"NZ$43,046",1 Year,1 - 2 years,New Zealand
"NZ$63,519 (1.5 years)",1.5 Year,1 - 2 years,New Zealand
"NZ$42,746",1 Year,1 - 2 years,New Zealand
"NZ$45,746",1 Year,1 - 2 years,New Zealand
"NZ$42,346",1 Year,1 - 2 years,New Zealand
"NZ$37,846",4.5 Year,More than 4 years,New Zealand
"NZ$38,146",3 Year,3 - 4 years,New Zealand
"NZ$42,146",4 Year,More than 4 years,New Zealand
"NZ$38,146",3 Year,3 - 4 years,New Zealand
"NZ$46,746",3 Year,3 - 4 years,New Zealand
"NZ$42,146",4 Year,More than 4 years,New Zealand
"NZ$43,046",4 Year,More than 4 years,New Zealand
"NZ$42,146",3 Year,3 - 4 years,New Zealand
"NZ$37,746",1 Year,1 - 2 years,New Zealand
"NZ$42,246",1 Year,1 - 2 years,New Zealand
"NZ$38,446",1 Year,1 - 2 years,New Zealand
"NZ$38,446",1 Year,1 - 2 years,New Zealand
"NZ$43,046",1.5 Year,1 - 2 years,New Zealand
"NZ$43,046",1.5 Year,1 - 2 years,New Zealand
"NZ$43,046",2 Year,2 - 3 years,New Zealand
"NZ$43,646",2 Year,2 - 3 years,New Zealand
"",2 Year,2 - 3 years,New Zealand
"NZ$49,146",2 Year,2 - 3 years,New Zealand
"NZ$43,046",2 Year,2 - 3 years,New Zealand
"NZ$43,046",1 Year,1 - 2 years,New Zealand
"NZ$43,046",1 Year,1 - 2 years,New Zealand
"NZ$43,046",1 Year,1 - 2 years,New Zealand
"NZ$43,046",1 Year,1 - 2 years,New Zealand
"NZ$43,046",1 Year,1 - 2 years,New Zealand
"NZ$43,146",4 Year,More than 4 years,New Zealand
"NZ$39,146",3 Year,3 - 4 years,New Zealand
"NZ$44,446",2 Year,2 - 3 years,New Zealand
"NZ$34,746",2 Year,2 - 3 years,New Zealand
"NZ$37,246",1 Year,1 - 2 years,New Zealand
"NZ$39,146",1 Year,1 - 2 years,New Zealand
"NZ$39,146",1 Year,1 - 2 years,New Zealand
"NZ$39,146",1.5 Year,1 - 2 years,New Zealand
"NZ$39,146",1.5 Year,1 - 2 years,New Zealand
"NZ$37,046",4 Year,More than 4 years,New Zealand
"NZ$38,646",4.5Year,More than 4 years,New Zealand
"NZ$38,646",1 Year,1 - 2 years,New Zealand
"NZ$40,046",3 Year,3 - 4 years,New Zealand
"NZ$40,046",1 Year,1 - 2 years,New Zealand
"NZ$64,569",1 .5Year,1 - 2 years,New Zealand
"NZ$37,646",1 .5Year,1 - 2 years,New Zealand
"NZ$57,069",1 .5Year,1 - 2 years,New Zealand
"NZ$37,646",1 Year,1 - 2 years,New Zealand
"NZ$38,046",1 Year,1 - 2 years,New Zealand
"NZ$20,954", 40 Academic Weeks,0 - 1 year,New Zealand
"NZ$20,954", 40 Academic Weeks,0 - 1 year,New Zealand
"NZ$20,954", 40 Academic Weeks,0 - 1 year,New Zealand
"NZ$20,954", 40 Academic Weeks,0 - 1 year,New Zealand
"NZ$20,954", 40 Academic Weeks,0 - 1 year,New Zealand
"NZ$20,954", 40 Academic Weeks,0 - 1 year,New Zealand
"NZ$20,850", 30 Academic Weeks,0 - 1 year,New Zealand
"NZ$22,954", 40 Academic Weeks,0 - 1 year,New Zealand
"NZ$31,500",3 years  (360 credits),3 - 4 years,New Zealand
"NZ$35,000",4 years  (480 credits),More than 4 years,New Zealand
"NZ$35,000",3 years  (360 credits),3 - 4 years,New Zealand
"NZ$31,500",3 years  (360 credits),3 - 4 years,New Zealand
"NZ$31,500",4 years  (480 credits),More than 4 years,New Zealand
"NZ$31,500",3 years  (360 credits),3 - 4 years,New Zealand
"NZ$31,500",3 years  (360 credits),3 - 4 years,New Zealand
"NZ$31,500",3 years  (360 credits),3 - 4 years,New Zealand
"NZ$31,500",4 years  (480 credits),More than 4 years,New Zealand
"NZ$35,000",4 years  (480 credits),More than 4 years,New Zealand
"NZ$36,000",4 years  (480 credits),More than 4 years,New Zealand
"NZ$35,000",3 years  (360 credits),3 - 4 years,New Zealand
"NZ$31,500",3 years  (360 credits),3 - 4 years,New Zealand
"NZ$31,100",3 years  (360 credits),3 - 4 years,New Zealand
"NZ$35,000",3 years  (360 credits),3 - 4 years,New Zealand
"NZ$35,000",1 year,1 - 2 years,New Zealand
"NZ$31,500",1 year,1 - 2 years,New Zealand
"NZ$31,500",1 year,1 - 2 years,New Zealand
"NZ$31,500",1 year,1 - 2 years,New Zealand
"NZ$31,500",1 year,1 - 2 years,New Zealand
"NZ$35,000",1 year,1 - 2 years,New Zealand
"NZ$32,000",1 year,1 - 2 years,New Zealand
"NZ$32,000",1 year,1 - 2 years,New Zealand
"NZ$31,500",1 year,1 - 2 years,New Zealand
"NZ$32,000",1 year,1 - 2 years,New Zealand
"NZ$36,000",2 year,2 - 3 years,New Zealand
"NZ$36,000",2 year,2 - 3 years,New Zealand
"NZ$31,500",2 year,2 - 3 years,New Zealand
"NZ$31,500",2 year,2 - 3 years,New Zealand
"NZ$36,000",2 year,2 - 3 years,New Zealand
"NZ$36,000",2 year,2 - 3 years,New Zealand
"NZ$36,000",2 year,2 - 3 years,New Zealand
"NZ$36,000",2 year,2 - 3 years,New Zealand
"NZ$36,000",2 year,2 - 3 years,New Zealand
"NZ$54,000",1.5 years,1 - 2 years,New Zealand
"NZ$48,000 (1.5)",1.5 years,1 - 2 years,New Zealand
"NZ$48,000",1.5 years,1 - 2 years,New Zealand
"NZ$54,000",1.5 years,1 - 2 years,New Zealand
"NZ$48,000",1.5 years,1 - 2 years,New Zealand
"NZ$48,000",1.5 years,1 - 2 years,New Zealand
"NZ$54,000",1.5 years,1 - 2 years,New Zealand
"NZ$47,000",1.5 years,1 - 2 years,New Zealand
"NZD 54,000",1 to1.5 years ,1 - 2 years,New Zealand
"NZ$48,000 for 1.5 Years",1.5 years,1 - 2 years,New Zealand
"NZ$47,000",1.5 years,1 - 2 years,New Zealand
"NZ$68,400",2 years,2 - 3 years,New Zealand
NZ$25000 ,2 Year,2 - 3 years,New Zealand
NZ$25000 ,1Year,1 - 2 years,New Zealand
"NZ$25,000",1 Year,1 - 2 years,New Zealand
"NZ$25,000",1 Year,1 - 2 years,New Zealand
"NZ$30,000",2Year,2 - 3 years,New Zealand
"NZ$30,000",2Year,2 - 3 years,New Zealand
"NZ$30,000",2Year,2 - 3 years,New Zealand
"NZ$25,000",3 Year,3 - 4 years,New Zealand
"NZ$25,000",3 Year,3 - 4 years,New Zealand
"NZ$25,000",3 Year,3 - 4 years,New Zealand
"NZ$25,000",3 Year,3 - 4 years,New Zealand
"NZ$25,000",3 Year,3 - 4 years,New Zealand
"NZ$25,000",1Year,1 - 2 years,New Zealand
"NZ$30,000",3 Year,3 - 4 years,New Zealand
"NZ$25,000",3 Year,3 - 4 years,New Zealand
"NZ$25,000",3 Year,3 - 4 years,New Zealand
"NZ$12,500",1 Year,1 - 2 years,New Zealand
"NZ$28,000",3 Year,3 - 4 years,New Zealand
"NZ$30,000",3 Year,3 - 4 years,New Zealand
"NZ$25,000",3 Year,3 - 4 years,New Zealand
"NZ$25,000",40 Weeks,0 - 1 year,New Zealand
"NZ$25,000",40 Weeks,0 - 1 year,New Zealand
"NZ$37,500",18 Months,1 - 2 years,New Zealand
"NZ$25,000",40 Weeks,0 - 1 year,New Zealand
"NZ$25,000",2 Years,2 - 3 years,New Zealand
"NZ$25,000",40 Weeks,0 - 1 year,New Zealand
"NZ$30,000",2 Years,2 - 3 years,New Zealand
"NZ$25,000",2 Years,2 - 3 years,New Zealand
"NZ$25,000",40 Weeks,0 - 1 year,New Zealand
"",4 Years,More than 4 years,New Zealand
"NZ$25,000",40 Weeks,0 - 1 year,New Zealand
"NZ$25,000",40 Weeks,0 - 1 year,New Zealand
"NZ$25,000",3 Years,3 - 4 years,New Zealand
"NZ$25,000",40 Weeks,0 - 1 year,New Zealand
"NZ$28,000",3 Years,3 - 4 years,New Zealand
"NZ$32,500",1 year,1 - 2 years,New Zealand
"NZ$48,750",18 months,1 - 2 years,New Zealand
"NZ$65,000",2 years,2 - 3 years,New Zealand
"NZ$25,000",1 year,1 - 2 years,New Zealand
"NZ$25,000",1 year,1 - 2 years,New Zealand
"NZ$32,500",1 year,1 - 2 years,New Zealand
"NZ$32,500",1 year,1 - 2 years,New Zealand
"NZ$32,500",1 year,1 - 2 years,New Zealand
"NZ$48,750",18 months,1 - 2 years,New Zealand
"NZ$75,000",3 years,3 - 4 years,New Zealand
"NZ$75,000",3 years,3 - 4 years,New Zealand
"NZ$48,750",18 Months,1 - 2 years,New Zealand
"NZ$75,000",3 Years,3 - 4 years,New Zealand
"NZ$25,000",1 year,1 - 2 years,New Zealand
"NZ$84,000",3 years,3 - 4 years,New Zealand
"NZ$25,576",1 year,1 - 2 years,New Zealand
"NZ$25,000",32 WEEKS,0 - 1 year,New Zealand
"NZ$90,000",3 years,3 - 4 years,New Zealand
"NZ$60,000",2 years,2 - 3 years,New Zealand
"NZ$60,000",2 years,2 - 3 years,New Zealand
"NZ$60,000",2 years,2 - 3 years,New Zealand
"NZ$75,000",3 years,3 - 4 years,New Zealand
"NZ$75,000",3 years,3 - 4 years,New Zealand
"NZ$75,000",3 years,3 - 4 years,New Zealand
"NZ$75,000",3 years,3 - 4 years,New Zealand
"NZ$75,000",3 years,3 - 4 years,New Zealand
"NZ$65,000",2 years,2 - 3 years,New Zealand
"NZ$75,000",3 years,3 - 4 years,New Zealand
"NZ$75,000",3 years,3 - 4 years,New Zealand
"NZ$32,500",1 year,1 - 2 years,New Zealand
"NZ$75,000",3 years,3 - 4 years,New Zealand
"NZ$75,000",3 years,3 - 4 years,New Zealand
"NZ$32,500",1 year,1 - 2 years,New Zealand
"NZ$37,500",18 months,1 - 2 years,New Zealand
"NZ$25,000",1 year,1 - 2 years,New Zealand
"NZ$25,000",1 year,1 - 2 years,New Zealand
"NZ$25,576",1 year,1 - 2 years,New Zealand
"NZ$25,000",1 year,1 - 2 years,New Zealand
"NZ$25,000",1 year,1 - 2 years,New Zealand
"NZ$25,000",1 year,1 - 2 years,New Zealand
"NZ$25,000",2 years,2 - 3 years,New Zealand
"NZ$44,078",3 Years,3 - 4 years,New Zealand
"NZ$43,658",1 Year,1 - 2 years,New Zealand
"NZ$47,755",3 Years,3 - 4 years,New Zealand
"NZ$44,078",3 Years,3 - 4 years,New Zealand
"NZ$7,659.60",3 Years,3 - 4 years,New Zealand
"NZ$44,078",1 Year,1 - 2 years,New Zealand
"NZ$51,619",1.3 Years,1 - 2 years,New Zealand
"NZ$50,810",1 Year,1 - 2 years,New Zealand
"NZ$63,295",1.3 Years,1 - 2 years,New Zealand
"NZ$43,658",1 Year,1 - 2 years,New Zealand
"NZ$50,810",1 Year,1 - 2 years,New Zealand
"NZ$57,355",1.3 Year,1 - 2 years,New Zealand
"NZ$84,520",1.3 Year,1 - 2 years,New Zealand
"NZ$55,210",1 Year,1 - 2 years,New Zealand
"NZ$22,942",Half year,0 - 1 year,New Zealand
"NZ$50,810",1 Year,1 - 2 years,New Zealand
"NZ$36,836 – NZ$44,078",3 Years,3 - 4 years,New Zealand
"NZ$37,085",3 Years,3 - 4 years,New Zealand
"NZ$37,085",3 Years,3 - 4 years,New Zealand
"NZ$37,085",3 Years,3 - 4 years,New Zealand
"NZ$39,995",1 Year,1 - 2 years,New Zealand
"NZ$39,995",4 Years,More than 4 years,New Zealand
"NZ$37,085",3 Years,3 - 4 years,New Zealand
"NZ$50,740.80",4 Years,More than 4 years,New Zealand
"NZ$7,659.60",3 to 4 Years,3 - 4 years,New Zealand
"NZ$39,995 – NZ$50,810",1 Year,1 - 2 years,New Zealand
"NZ$38,662",1 Year,1 - 2 years,New Zealand
"NZ$38,662",1 Year,1 - 2 years,New Zealand
"NZ$38,662",1 Year,1 - 2 years,New Zealand
"NZ$50,564",1/ 2 Years,1 - 2 years,New Zealand
"NZ$39,995 – NZ$41,594",1.5 Years,1 - 2 years,New Zealand
"NZ$39,995",1.5 Years,1 - 2 years,New Zealand
"NZ$39,995",1/ 1.5 Years,1 - 2 years,New Zealand
"NZ$39,995 – NZ$50,810",1 Year,1 - 2 years,New Zealand
"NZ$39,995",1.5 Years,1 - 2 years,New Zealand
"NZ$39,995",1.5 Years,1 - 2 years,New Zealand
"NZ$50,810",1/ 1.5 Years,1 - 2 years,New Zealand
"NZ$39,995 – NZ$41,594",1.5 Years,1 - 2 years,New Zealand
"NZ$39,995",1/ 2 Years,1 - 2 years,New Zealand
"NZ$39,995",2 Years,2 - 3 years,New Zealand
"NZ$41,180",1 Year,1 - 2 years,New Zealand
"NZ$41,180 – NZ$50,810",1 Year,1 - 2 years,New Zealand
"NZ$50,564",1 Year,1 - 2 years,New Zealand
"NZ$39,995",1 Year,1 - 2 years,New Zealand
"NZ$39,995",1 Year,1 - 2 years,New Zealand
"NZ$41,180",1 Year,1 - 2 years,New Zealand
"NZ$39,995",1 Year,1 - 2 years,New Zealand
"NZ$47,755",3 Years,3 - 4 years,New Zealand
"NZ$53,122",4 Years,More than 4 years,New Zealand
"NZ$44,078",3 Years,3 - 4 years,New Zealand
"NZ$43,243",4 Years,More than 4 years,New Zealand
"NZ$7,659.60",4 Years,More than 4 years,New Zealand
"NZ$47,755",1/ 1.3 Years,1 - 2 years,New Zealand
"NZ$50,810",1/ 1.5 Years,1 - 2 years,New Zealand
"NZ$50,810",1 Year,1 - 2 years,New Zealand
"NZ$50,810",2 Year,2 - 3 years,New Zealand
"NZ$50,810",30 Months,2 - 3 years,New Zealand
"NZ$50,810",30 Months,2 - 3 years,New Zealand
"NZ$50,810",1/ 1.5 Years,1 - 2 years,New Zealand
"NZ$51,157",1/ 1.5 Years,1 - 2 years,New Zealand
"NZ$50,810 – NZ$51,157",1/ 1.5 Years,1 - 2 years,New Zealand
"NZ$50,810",1/ 1.5 Years,1 - 2 years,New Zealand
"NZ$50,810",1/ 1.5 Years,1 - 2 years,New Zealand
"NZ$50,810",1/ 1.5 Years,1 - 2 years,New Zealand
"NZ$55,210",1 Year,1 - 2 years,New Zealand
"NZ$50,810",1/ 1.5 Years,1 - 2 years,New Zealand
"NZ$50,810",1/ 1.5 Years,1 - 2 years,New Zealand
"NZ$41,180",1/ 1.5 Years,1 - 2 years,New Zealand
"NZ$51,157",1/ 1.5 Years,1 - 2 years,New Zealand
"NZ$50,810",1/ 1.5 Years,1 - 2 years,New Zealand
"NZ$50,810",1/ 1.5 Years,1 - 2 years,New Zealand
"NZ$50,810",1/ 1.5 Years,1 - 2 years,New Zealand
"NZ$50,810",1/ 1.5 Years,1 - 2 years,New Zealand
"NZ$50,810",1.5/ 2 Years,1 - 2 years,New Zealand
"NZ$50,810",1/ 1.5 Years,1 - 2 years,New Zealand
"NZ$50,810",1 Year,1 - 2 years,New Zealand
"NZ$43,243",1 Year,1 - 2 years,New Zealand
"NZ$50,810",2 Year,2 - 3 years,New Zealand
"NZ$50,810",30 Months,2 - 3 years,New Zealand
"NZ$50,810",30 Months,2 - 3 years,New Zealand
"NZ$50,810",1 Year,1 - 2 years,New Zealand
"NZ$50,810",1 Year,1 - 2 years,New Zealand
"NZ$50,810",1 Year,1 - 2 years,New Zealand
"NZ$51,157",1 Year,1 - 2 years,New Zealand
"NZ$50,810",1 Year,1 - 2 years,New Zealand
"NZ$50,810",1 Year,1 - 2 years,New Zealand
"NZ$50,810",1 Year,1 - 2 years,New Zealand
"NZ$50,810",1 Year,1 - 2 years,New Zealand
"NZ$50,810",1 Year,1 - 2 years,New Zealand
"NZ$45,079",3 Year,3 - 4 years,New Zealand
"NZ$41,184",3 Year,3 - 4 years,New Zealand
"NZ$50,810",1/1.5 Year,1 - 2 years,New Zealand
"NZ$50,740.80",3 to 4 years,3 - 4 years,New Zealand
"NZ$48,391",1/1.5 Year,1 - 2 years,New Zealand
"NZ$48,391",1 Year,1 - 2 years,New Zealand
"NZ$50,810",1 Year,1 - 2 years,New Zealand
"NZ$39,211",3 Years,3 - 4 years,New Zealand
"NZ$50,564",1 Year,1 - 2 years,New Zealand
"NZ$50,564",1 Year,1 - 2 years,New Zealand
"NZ$39,211",3 Years,3 - 4 years,New Zealand
"NZ$62,933",5 Years,More than 4 years,New Zealand
"NZ$50,564",4 Year,More than 4 years,New Zealand
"NZ$43,243 – NZ$53,122",3 Years,3 - 4 years,New Zealand
"NZ$50,810",1 Year,1 - 2 years,New Zealand
"NZ$37,085",3 Years,3 - 4 years,New Zealand
"NZ$7,659.60",3 Years,3 - 4 years,New Zealand
"NZ$50,740.80",3 Years,3 - 4 years,New Zealand
"NZ$50,740.80",3 to 4 Years,3 - 4 years,New Zealand
"NZ$43,243 – NZ$50,810",1 Year,1 - 2 years,New Zealand
"NZ$50,564",2 Years,2 - 3 years,New Zealand
"NZ$50,810",1 Year,1 - 2 years,New Zealand
"NZ$50,810",1.5 Year,1 - 2 years,New Zealand
"NZ$50,564",1/ 1.5 Year,1 - 2 years,New Zealand
"NZ$50,564",1/ 1.5 Year,1 - 2 years,New Zealand
"NZ$50,564",1/ 1.5 Year,1 - 2 years,New Zealand
"NZ$50,564",2 Years,2 - 3 years,New Zealand
"NZ$50,564",1/ 2 Years,1 - 2 years,New Zealand
"NZ$50,564",1/ 2 Years,1 - 2 years,New Zealand
"NZ$43,646",2 Years,2 - 3 years,New Zealand
"NZ$50,810",1.5 Years,1 - 2 years,New Zealand
"NZ$50,810",2 Years,2 - 3 years,New Zealand
"NZ$39,995",1.5 Years,1 - 2 years,New Zealand
"NZ$39,995",1.5 Years,1 - 2 years,New Zealand
"NZ$50,564",1/ 2 Years,1 - 2 years,New Zealand
"NZ$50,810",1/ 2 Years,1 - 2 years,New Zealand
"NZ$50,810",2 Years,2 - 3 years,New Zealand
"NZ$50,810",1 Year,1 - 2 years,New Zealand
"NZ$50,564",1 Year,1 - 2 years,New Zealand
"NZ$50,810",1 Year,1 - 2 years,New Zealand
"NZ$50,564",1 Year,1 - 2 years,New Zealand
"NZ$39,995",1 Year,1 - 2 years,New Zealand
"NZ$50,564",2 Year,2 - 3 years,New Zealand
"NZ$50,564",1 Year,1 - 2 years,New Zealand
"NZ$50,564",1 Year,1 - 2 years,New Zealand
"NZ$50,564",1 Year,1 - 2 years,New Zealand
"NZ$50,810",1 Year,1 - 2 years,New Zealand
"NZ$41,180 – NZ$50,810",1 Year,1 - 2 years,New Zealand
"NZ$39,995 – NZ$50,810",1/ 1.5 Years,1 - 2 years,New Zealand
"NZ$41,180",1 Year,1 - 2 years,New Zealand
"NZ$41,180 – NZ$50,810",1 Year,1 - 2 years,New Zealand
"NZ$41,180",1/ 1.5 Years,1 - 2 years,New Zealand
"NZ$50,810",1.5 Years,1 - 2 years,New Zealand
"NZ$41,180 – NZ$42,828",1/ 1.5 Years,1 - 2 years,New Zealand
"NZ$43,239",4 Years,More than 4 years,New Zealand
"NZ$44,502",4 Years,More than 4 years,New Zealand
"NZ$43,239",1 Year,1 - 2 years,New Zealand
"NZ$46,282",1 Year,1 - 2 years,New Zealand
"NZ$44,502",1 Year,1 - 2 years,New Zealand
"NZ$44,502 – NZ$55,210",1/1.5 Year,1 - 2 years,New Zealand
"NZ$41,180 – NZ$50,810",1/1.5 Year,1 - 2 years,New Zealand
"NZ$50,810",1/1.5 Year,1 - 2 years,New Zealand
"NZ$50,810",1.5 Year,1 - 2 years,New Zealand
"NZ$43,243 – NZ$44,078",3 Years,3 - 4 years,New Zealand
"NZ$43,243",3 Years,3 - 4 years,New Zealand
"NZ$50,810",1 Year,1 - 2 years,New Zealand
"NZ$43,243",3 Years,3 - 4 years,New Zealand
"NZ$43,243",1 Year,1 - 2 years,New Zealand
"NZ$50,810",1 Year,1 - 2 years,New Zealand
"NZ$50,810",2 Year,2 - 3 years,New Zealand
"NZ$43,243",1/1.5 Year,1 - 2 years,New Zealand
"NZ$50,810",1 Year,1 - 2 years,New Zealand
"NZ$50,810 – NZ$53,122",4 Years,More than 4 years,New Zealand
"NZ$50,810",1.5 Year,1 - 2 years,New Zealand
"NZ$50,564 – NZ$50,810",1.5/ 2 Year,1 - 2 years,New Zealand
"NZ$50,810",1.5 Year,1 - 2 years,New Zealand
"NZ$50,810",1/ 1.5 year,1 - 2 years,New Zealand
"NZ$50,810",1/ 1.5 year,1 - 2 years,New Zealand
"NZ$50,810",1.5 Year,1 - 2 years,New Zealand
"NZ$50,564",1/1.5/2 Years,1 - 2 years,New Zealand
"NZ$50,810",1.5 Year,1 - 2 years,New Zealand
"NZ$50,810",1 Year,1 - 2 years,New Zealand
"$34,695",3 years,3 - 4 years,New Zealand
"$29,425 - $38,305 ",3 years,3 - 4 years,New Zealand
"$34,695 ",3 years,3 - 4 years,New Zealand
"$34,695 ",3 years,3 - 4 years,New Zealand
"$36,830 ",3 years,3 - 4 years,New Zealand
"$36,830 ",3 years,3 - 4 years,New Zealand
"$43,430 ",4 years,More than 4 years,New Zealand
"$38,305 ",4 years,More than 4 years,New Zealand
"$34,695 ",3 years,3 - 4 years,New Zealand
"$33,550 ",3 years,3 - 4 years,New Zealand
"$36,430 ",4 years,More than 4 years,New Zealand
"$34,745  

",3 years,3 - 4 years,New Zealand
"$40,800 (120 points)",3 years,3 - 4 years,New Zealand
"$36,830 - $38,305 ",3 years,3 - 4 years,New Zealand
"$38,305 ",3 years,3 - 4 years,New Zealand
"$29,425 - $38,305 ",3 years,3 - 4 years,New Zealand
"$29,425 ",3 years,3 - 4 years,New Zealand
"$29,680 ",3 years,3 - 4 years,New Zealand
"$35,900 ",1 year,1 - 2 years,New Zealand
"$35,900",1 year,1 - 2 years,New Zealand
"$40,860 ",1-2 years,1 - 2 years,New Zealand
"$54,200 ",1.5 years,1 - 2 years,New Zealand
"$53,855 - $61,290 (180 pts) ",1 to 1.5 years,1 - 2 years,New Zealand
"$35,900 ",1 year,1 - 2 years,New Zealand
"$64,945 ",1.5 years,1 - 2 years,New Zealand
"$54,200 ",1-2 years,1 - 2 years,New Zealand
"$35,900 ",2 years,2 - 3 years,New Zealand
" $62,600 (180 pts) ",1.5 years,1 - 2 years,New Zealand
"$41,730 (120 pts) $62,600 (180 pts) ",1.5 years,1 - 2 years,New Zealand
"$36,130 (120 pts) $54,200 (180 pts) ",1.5-2 years,1 - 2 years,New Zealand
"$35,900 (120 pts) $53,855 (180 pts) ",1.5 years,1 - 2 years,New Zealand
"$35,900 (120 pts) $53,855 (180 pts) ",1.5 years,1 - 2 years,New Zealand
"$53,855 ",1.5 years,1 - 2 years,New Zealand
"$44,425 ",1 year,1 - 2 years,New Zealand
"$42,588 (120 pts) $63,895 (180 pts) ",1 - 1.5 years,1 - 2 years,New Zealand
"$40,175 (120 pts) $60,260 (180 pts) ",1.5 years,1 - 2 years,New Zealand
"$40,860 ",1 year,1 - 2 years,New Zealand
"$43,620 (120 points), $87,240 (240 points) ",2 year,2 - 3 years,New Zealand
"$35,900 (120 pts) $53,855 (180 pts) ",1.5 years,1 - 2 years,New Zealand
"$39,335 (120 pts) ",1 to 2 years,1 - 2 years,New Zealand
"$39,335 (120 pts) ",1 year,1 - 2 years,New Zealand
"$39,335 (120 pts) $59,005 (180 pts) ",1.5 years,1 - 2 years,New Zealand
"$36,130",1 year,1 - 2 years,New Zealand
"$36,130 (120 pts) $54,200 (180 pts) ",1 - 1.5 years,1 - 2 years,New Zealand
"$35,900 (120 pts) $53,855 (180 pts) ",1.5 years,1 - 2 years,New Zealand
"$41,730 ",1 year,1 - 2 years,New Zealand
"$40,800 (120 points) $81,600 (240 points) ",2 year,2 - 3 years,New Zealand
"$36,995 - $48,650 ",1 to 2 years,1 - 2 years,New Zealand
"$35,900 (120 pts) $53,855 (180 pts) ",1.5 years,1 - 2 years,New Zealand
"$40,860 (120 pts) $61,290 (180 pts) ",1 - 1.5 years,1 - 2 years,New Zealand
"$40,860 ",1 - 1.5 years,1 - 2 years,New Zealand
"$40,175",1.5 years,1 - 2 years,New Zealand
"$53,855 - $61,290 (180 points) ",1 - 1.5 years,1 - 2 years,New Zealand
"$53,860 (180 pts) ",1 year,1 - 2 years,New Zealand
"$31,765 (120 points) or $47,500 (180 points) ",1.5 years,1 - 2 years,New Zealand
"NZ$25,000",3 years,3 - 4 years,New Zealand
"NZ$25,000",1 year,1 - 2 years,New Zealand
"NZ$27,500",1 year,1 - 2 years,New Zealand
"NZ$38,750",18 months,1 - 2 years,New Zealand
"NZ$25,000",3 years,3 - 4 years,New Zealand
"NZ$25,000",1 year,1 - 2 years,New Zealand
"NZ$25,000",1 year,1 - 2 years,New Zealand
"NZ$25,000",1 year,1 - 2 years,New Zealand
"NZ$25,000",1 year,1 - 2 years,New Zealand
"NZ$25,000",1 year,1 - 2 years,New Zealand
"NZ$25,000",2 years,2 - 3 years,New Zealand
"NZ$28,000",2 years,2 - 3 years,New Zealand
"NZ$28,000",2 years,2 - 3 years,New Zealand
"NZ$25,000",2 years,2 - 3 years,New Zealand
"NZ$25,000",1 year,1 - 2 years,New Zealand
"NZ$28,000",3 years,3 - 4 years,New Zealand
"NZ$25,000",3 years,3 - 4 years,New Zealand
"NZ$25,000",1 year,1 - 2 years,New Zealand
"NZ$25,000",1 year,1 - 2 years,New Zealand
"NZ$25,000",1 year,1 - 2 years,New Zealand
"NZ$25,000",1 year,1 - 2 years,New Zealand
"NZ$25,000",3 years,3 - 4 years,New Zealand
"NZ$25,000",1 year,1 - 2 years,New Zealand
"NZ$38,750",18 months,1 - 2 years,New Zealand
"NZ$27,500",1 year,1 - 2 years,New Zealand
"NZ$25,000",2 years,2 - 3 years,New Zealand
"NZ$39,000 (1.5 years)",18 months,1 - 2 years,New Zealand
"NZ$39,000",18 months,1 - 2 years,New Zealand
"NZ$26,030",1 Year,1 - 2 years,New Zealand
"NZ$26,000",1 Year,1 - 2 years,New Zealand
"NZ$25,407",1 Year,1 - 2 years,New Zealand
"NZ$21,584",1 Year,1 - 2 years,New Zealand
"NZ$64,752",3 Years,3 - 4 years,New Zealand
"NZ$68,130",3 Years,3 - 4 years,New Zealand
"NZ$22,710",1 Year,1 - 2 years,New Zealand
"NZ$21,584",1 Year,1 - 2 years,New Zealand
"NZ$21,584",1 Year,1 - 2 years,New Zealand
NZ$39571,1years,1 - 2 years,New Zealand
NZ$40088,3 years,3 - 4 years,New Zealand
NZ$40088,3 years,3 - 4 years,New Zealand
"Y1-NZ$39,609,
Y2-NZ$43,979,
Y3 & Y4-NZ$46,295",4 Years,More than 4 years,New Zealand
"Y1-NZ$39,609
Y2-NZ$44,285
Y3&Y4-NZ$46,616",4 years,More than 4 years,New Zealand
NZ$38210,1 year,1 - 2 years,New Zealand
NZ$34251,3 years,3 - 4 years,New Zealand
NZ$40088,3 years,3 - 4 years,New Zealand
"Y1-NZ$39,609 
Y2-NZ$44,285 
Y3&Y4-NZ$46,616 ",4 years,More than 4 years,New Zealand
37746.0,4 years,More than 4 years,New Zealand
38069.0,4 years,More than 4 years,New Zealand
"Y1-NZ$339,609 
Y2&3-NZ$388,582 
Y4,5&6-NZ$3101,236
",6 years,More than 4 years,New Zealand
36807.0,3 years,3 - 4 years,New Zealand
36807.0,3 years,3 - 4 years,New Zealand
NZ$38418,3 years,3 - 4 years,New Zealand
NZ$38709,3 years,3 - 4 years,New Zealand
NZ$34994,3 years,3 - 4 years,New Zealand
NZ$34251,3 years,3 - 4 years,New Zealand
NZ$34251,4 years,More than 4 years,New Zealand
NZ$38709,3 years,3 - 4 years,New Zealand
NZ$38723,3 years,3 - 4 years,New Zealand
NZ$40974,3 years,3 - 4 years,New Zealand
NZ$38723,3 years,3 - 4 years,New Zealand
NZ$34251,3 years,3 - 4 years,New Zealand
NZ$40373,1 year,1 - 2 years,New Zealand
NZ$23777,2 years,2 - 3 years,New Zealand
NZ$47556,1 year,1 - 2 years,New Zealand
NZ$47556,1 year,1 - 2 years,New Zealand
NZ$35496,1 year,1 - 2 years,New Zealand
NZ$37746,1 year,1 - 2 years,New Zealand
NZ$37303,1 year,1 - 2 years,New Zealand
47556.0,1 year,1 - 2 years,New Zealand
NZ$37303,1 year,1 - 2 years,New Zealand
37746.0,2 years,2 - 3 years,New Zealand
40088.0,1 year,1 - 2 years,New Zealand
NZ$47556,1 year,1 - 2 years,New Zealand
NZ$56129,Three years,3 - 4 years,New Zealand
NZ$37746,"1 to 1,5 years",1 - 2 years,New Zealand
NZ$37746,"1 to 1,5 years",1 - 2 years,New Zealand
NZ$42845,1 year,1 - 2 years,New Zealand
NZ$43005,1 year,1 - 2 years,New Zealand
NZ$37746,1 year,1 - 2 years,New Zealand
NZ$63328,1.5 years,1 - 2 years,New Zealand
NZ$62601,1 year,1 - 2 years,New Zealand
NZ$37303,1 year,1 - 2 years,New Zealand
NZ$55956,1 year,1 - 2 years,New Zealand
NZ$55956,1 year,1 - 2 years,New Zealand
NZ$55956,1 year/1.5 years,1 - 2 years,New Zealand
NZ$55956,1 year,1 - 2 years,New Zealand
NZ$37746,1.5 years,1 - 2 years,New Zealand
NZ$35496,1.5 years,1 - 2 years,New Zealand
NZ$37746,1 years,1 - 2 years,New Zealand
NZ$37746,1 year,1 - 2 years,New Zealand
NZ$42095,3 years,3 - 4 years,New Zealand
NZ$60997,1 year,1 - 2 years,New Zealand
NZ$48979,"1,5 years",1 - 2 years,New Zealand
NZ$43000,1 to 2 years,1 - 2 years,New Zealand
NZ$52627,1 year,1 - 2 years,New Zealand
NZ$40088,1 year,1 - 2 years,New Zealand
NZ$40088,1 year,1 - 2 years,New Zealand
NZ$37746,1 year,1 - 2 years,New Zealand
NZ$40088,1 year,1 - 2 years,New Zealand
NZ$37746,1 year,1 - 2 years,New Zealand
NZ$40984,1 year,1 - 2 years,New Zealand
NZ$40401,1 year,1 - 2 years,New Zealand
NZ$47556,1 year,1 - 2 years,New Zealand
NZ$47556,1 year,1 - 2 years,New Zealand
NZ$23777,1 year,1 - 2 years,New Zealand
NZ$33202,1 year,1 - 2 years,New Zealand
NZ$23777,1 year,1 - 2 years,New Zealand
NZ$47556,1 year,1 - 2 years,New Zealand
NZ$23777,1 year,1 - 2 years,New Zealand
NZ$23777,1 year,1 - 2 years,New Zealand
NZ$23777,1 year,1 - 2 years,New Zealand
NZ$23777,1 year,1 - 2 years,New Zealand
NZ$23777,1 year,1 - 2 years,New Zealand
NZ$47556,1 year,1 - 2 years,New Zealand
NZ$23777,1 year,1 - 2 years,New Zealand
NZ$23777,2 years,2 - 3 years,New Zealand
NZ$23777,1 year,1 - 2 years,New Zealand
NZ$47556,1 year,1 - 2 years,New Zealand
NZ$47556,1 year,1 - 2 years,New Zealand
NZ$47556,1 year,1 - 2 years,New Zealand
NZ$47556,1 year,1 - 2 years,New Zealand
NZ$23777,1.5 years,1 - 2 years,New Zealand
"NZ$29,037",76 -80 week,1 - 2 years,New Zealand
"NZ$29,003",62 weeks,1 - 2 years,New Zealand
"NZ$33,500",3 Year,3 - 4 years,New Zealand
"NZ$33,500",3 Year,3 - 4 years,New Zealand
"NZ$28,800",3 Year,3 - 4 years,New Zealand
"NZ$33,500",3 Year,3 - 4 years,New Zealand
"NZ$33,500",3 Year,3 - 4 years,New Zealand
"NZ$33,500",3 Year,3 - 4 years,New Zealand
"NZ$33,500",3 Year,3 - 4 years,New Zealand
"NZ$33,500",3 Year,3 - 4 years,New Zealand
"NZ$33,500",1 Year,1 - 2 years,New Zealand
"NZ$33,500",1 Year,1 - 2 years,New Zealand
"NZ$33,500",1 Year,1 - 2 years,New Zealand
"NZ$33,500",1 Year,1 - 2 years,New Zealand
"NZ$27,000",3 Years,3 - 4 years,New Zealand
"NZ$27,000",2 Years,2 - 3 years,New Zealand
"NZ$27,000",3 Years,3 - 4 years,New Zealand
"NZ$24,000",1.5 years,1 - 2 years,New Zealand
"NZ$18,460",1 year,1 - 2 years,New Zealand
"NZ$26,500",1 Year,1 - 2 years,New Zealand
"NZ$26,500",1 Year,1 - 2 years,New Zealand
"NZ$26,500",1 Year,1 - 2 years,New Zealand
"NZ$26,500",1 Year,1 - 2 years,New Zealand
"NZ$26,500",1 Year,1 - 2 years,New Zealand
"NZ$26,500",2 Years,2 - 3 years,New Zealand
"NZ$26,500",1 Year,1 - 2 years,New Zealand
"NZ$26,500",1 Year,1 - 2 years,New Zealand
"NZ$26,500",2 Years,2 - 3 years,New Zealand
"NZ$26,500",1 Year,1 - 2 years,New Zealand
"NZ$26,500",3 Years,3 - 4 years,New Zealand
"NZ$32,500",3 Years,3 - 4 years,New Zealand
26500 N$/Year,3 Years,3 - 4 years,New Zealand
38400 N$/Year,1.5 Year,1 - 2 years,New Zealand
"43,370 NZD",1 year to 2 years,1 - 2 years,New Zealand
"$63,519 for 1.5 Years",1.5 Year,1 - 2 years,New Zealand
"10,938 yearly",1 Year to 2 Year,1 - 2 years,New Zealand
"10,938",1 to 2 years,1 - 2 years,New Zealand
"10,938",1 to 2 years,1 - 2 years,New Zealand
"10,938",1to 2 years,1 - 2 years,New Zealand
"Non-EU applicant Standard: €13,500 1st year",1 to 2 years,1 - 2 years,New Zealand
"Non-EU applicant Standard: €13,500 1st year",1 to 2 years,1 - 2 years,New Zealand
"Non-EU applicant Standard: €13,500 1st year",1 to 2 years,1 - 2 years,New Zealand
"10,938",1 to 2 years,1 - 2 years,New Zealand
"Non-EU applicant Standard: €13,500 1st year",1 to 2 years,1 - 2 years,New Zealand
"Non-EU applicant Standard: €13,500 1st year",1 to 2 years,1 - 2 years,New Zealand
"Non-EU applicant Standard: €13,500 1st year",1 to 2 years,1 - 2 years,New Zealand
"Non-EU applicants standard: € 12,332 yearly",1 to 2 years,1 - 2 years,New Zealand
"Non-EU applicant Standard: €13,500 1st year",1 to 2 years,1 - 2 years,New Zealand
"10,938 ",1 to 2 years,1 - 2 years,New Zealand
"Non-EU applicant Standard: €10,938 1st year",1 to 2 years,1 - 2 years,New Zealand
"Non-EU applicants standard: € 10,938 yearly",1 to 2 years,1 - 2 years,New Zealand
"Non-EU applicants standard: € 10,938 yearly",1 to 2 years,1 - 2 years,New Zealand
"Non-EU applicants standard: € 12,100 yearly",3 Years,3 - 4 years,New Zealand
"Non-EU applicants standard: € 12,100 yearly",3 Years,3 - 4 years,New Zealand
"13,500 ",1 to 2 year,1 - 2 years,New Zealand
"12,332",1 to 2 years,1 - 2 years,New Zealand
"",1 to 2year,1 - 2 years,New Zealand
"12,332 ",1 to 2 years,1 - 2 years,New Zealand
"12,332",1 to 2 years,1 - 2 years,New Zealand
"13,500 1st year",1 to 2 year,1 - 2 years,New Zealand
"12,100",3 year,3 - 4 years,New Zealand
"12,100",3 year,3 - 4 years,New Zealand
"12,100",3 year,3 - 4 years,New Zealand
"12,100",3 year,3 - 4 years,New Zealand
"Non-EU applicants standard: € 12,100 yearly",3 Years,3 - 4 years,New Zealand
"Non-EU applicants standard: € 12,100 yearly",3 Years,3 - 4 years,New Zealand
"12,100",3 year,3 - 4 years,New Zealand
"Non-EU applicants standard: € 12,100 yearly",3 Years,3 - 4 years,New Zealand
"Non-EU applicants standard: € 10,938 yearly",1 to 2 years,1 - 2 years,New Zealand
"12,100",3 year,3 - 4 years,New Zealand
"Non-EU applicants standard: € 10,938 yearly",1 to 2 years,1 - 2 years,New Zealand
"Non-EU applicants standard: € 10,938 yearly",1 to 2 years,1 - 2 years,New Zealand
"12,100",3 year,3 - 4 years,New Zealand
"Non-EU applicants standard: € 10,938 yearly",1 to 2 years,1 - 2 years,New Zealand
"Non-EU applicants standard: € 10,938 yearly",1 to 2 years,1 - 2 years,New Zealand
"12,100",3 year,3 - 4 years,New Zealand
"12,100",3 year,3 - 4 years,New Zealand
"€15,400 per year",4 Years,More than 4 years,New Zealand
"€15,400 per year",4 Years,More than 4 years,New Zealand
"€15,400 per year",4 Years,More than 4 years,New Zealand
"€15,400 per year",4 Years,More than 4 years,New Zealand
"€15,400 per year",4 Years,More than 4 years,New Zealand
"€15,400 per year",3 Years,3 - 4 years,New Zealand
"€15,400 per year",4 Years,More than 4 years,New Zealand
"€15,400 per year",4 Years,More than 4 years,New Zealand
"€15,400 per year",4 Years,More than 4 years,New Zealand
"€15,400 per year",4 Years,More than 4 years,New Zealand
"€15,400 per year",4 Years,More than 4 years,New Zealand
"€ 19,560 */ year",1 to 2 years,1 - 2 years,New Zealand
"€ 19,560 */ year",1 to 2 years,1 - 2 years,New Zealand
"€ 16,300* / year",1 year,1 - 2 years,New Zealand
"€ 16,300* / year",1 year,1 - 2 years,New Zealand
"€ 19,560* / year",1 year,1 - 2 years,New Zealand
"€ 19,560* / year",1 year,1 - 2 years,New Zealand
"€ 19,560* / year",1 year,1 - 2 years,New Zealand
"€ 19,560* / year",1 year,1 - 2 years,New Zealand
"€ 16,300* / year",1 year,1 - 2 years,New Zealand
"€ 16,300* / year",1 year,1 - 2 years,New Zealand
"€ 24,450*",1 to 2 years,1 - 2 years,New Zealand
"€ 24,450*",1 to 2 years,1 - 2 years,New Zealand
"€ 24,450*",1 to 2 years,1 - 2 years,New Zealand
"€ 19,560*",1 to 2 years,1 - 2 years,New Zealand
"€ 19,560*",1 to 2 years,1 - 2 years,New Zealand
"€ 19,560*",1 to 2 years,1 - 2 years,New Zealand
"€11,000/year",3 Years,3 - 4 years,New Zealand
"€11,000/year",3 to 4 years,3 - 4 years,New Zealand
"€11,000/year",3 to 4 years,3 - 4 years,New Zealand
"€9,450/year",3 Years,3 - 4 years,New Zealand
"€9,925/year",3 to 4 years,3 - 4 years,New Zealand
"€11,000/year",3 to 4 years,3 - 4 years,New Zealand
"€11,000/year",3 to 4 years,3 - 4 years,New Zealand
" €11,000/year",3 to 4 years,3 - 4 years,New Zealand
"€9,925/year ",3 to 4 years,3 - 4 years,New Zealand
"€9,450 ",3 Years,3 - 4 years,New Zealand
"€9,925/year",3 to 4 years,3 - 4 years,New Zealand
"€9,925/year",3 to 4 years,3 - 4 years,New Zealand
"€13,250",1 to 2 years,1 - 2 years,New Zealand
"€13,250",1 to 2 years,1 - 2 years,New Zealand
"€13,250",1 to 2 years,1 - 2 years,New Zealand
"€13,250 ",1 to 2 years,1 - 2 years,New Zealand
"€13,250",1 to 2 years,1 - 2 years,New Zealand
"€13,250",1 to 2 years,1 - 2 years,New Zealand
"€13,250",1 to 2 years,1 - 2 years,New Zealand
" €13,250",1 to 2 years,1 - 2 years,New Zealand
"€13,250",1 to 2 years,1 - 2 years,New Zealand
"€12,600",1 to 2 years,1 - 2 years,New Zealand
"€13,250",1 to 2 years,1 - 2 years,New Zealand
"€13,250 ",1 to 2 years,1 - 2 years,New Zealand
"€18,000 for 2 years (€9,000/year)",1 to 2 years,1 - 2 years,New Zealand
"€12,500",1 year,1 - 2 years,New Zealand
"€12,500",1 year,1 - 2 years,New Zealand
"€6,500",1 year,1 - 2 years,New Zealand
"€5,951",3 Years,3 - 4 years,New Zealand
"€6,985",3 Years,3 - 4 years,New Zealand
"€23,500",1 year,1 - 2 years,New Zealand
"€23,500",1 year,1 - 2 years,New Zealand
"€23,500",1 year,1 - 2 years,New Zealand
"€23,500",1 year,1 - 2 years,New Zealand
" €16,500",1 year,1 - 2 years,New Zealand
"€16,500",1 year,1 - 2 years,New Zealand
"€17,250",3 Years,3 - 4 years,New Zealand
"€17,250",3 Years,3 - 4 years,New Zealand
" €17,250",3 Years,3 - 4 years,New Zealand
"€17,250",3 Years,3 - 4 years,New Zealand
" €17,250",3 Years,3 - 4 years,New Zealand
"€17,250",3 Years,3 - 4 years,New Zealand
"€17,250",3 Years,3 - 4 years,New Zealand
EUR 7560 / semester,1 to 2 years,1 - 2 years,New Zealand
EUR 7560 / semester,1 to 2 years,1 - 2 years,New Zealand
EEA: EUR 7875 / semester,1to 2 years,1 - 2 years,New Zealand
EUR 5700 / semester,1 to 2 years,1 - 2 years,New Zealand
EUR 5700 / semester,1 to 2 years,1 - 2 years,New Zealand
 EUR 5700 / semester,1 to 2 years,1 - 2 years,New Zealand
EUR 5700 / semester,1to 2 years,1 - 2 years,New Zealand
EUR 6800 / semester,1 to 2 years,1 - 2 years,New Zealand
EUR 6800 / semester,1 to 2 year,1 - 2 years,New Zealand
EUR 6800 / semester,1to 2 years,1 - 2 years,New Zealand
EUR 6800 / semester,1 to 2 years,1 - 2 years,New Zealand
EUR 6800 / semester,1 to 2 years,1 - 2 years,New Zealand
EUR 6800 / semester,1 to 2 years,1 - 2 years,New Zealand
"EUR 5,450 / semester",1to 2 years,1 - 2 years,New Zealand
EUR 6450 / semester,1 to 2 years,1 - 2 years,New Zealand
1-year version (2 semesters; 60 ECTS) | EUR 6450 / semester 2-year version (4 semesters; 120 ECTS) | EUR 5500 / semester,1to 2 years,1 - 2 years,New Zealand
1-year version (2 semesters; 60 ECTS) | EUR 6450 / semester 2-year version (4 semesters; 120 ECTS) | EUR 5500 / semester,1 to 2 years,1 - 2 years,New Zealand
EUR 6800 / semester,1 to 2 years,1 - 2 years,New Zealand
EUR 6800 / semester,1 to 2 years,1 - 2 years,New Zealand
EUR 6800 / semester,1 to 2 years,1 - 2 years,New Zealand
EUR 6800 / semester,1 to 2 years,1 - 2 years,New Zealand
"5,450 EUR per semester + one-time registration fee of 1,000 EUR and must pay the tuition fees for one semester in advance.",1 to 2 years,1 - 2 years,New Zealand
EUR 6800 / semester,1 to 2 years,1 - 2 years,New Zealand
EUR 6800 / semester,1 to 2 years,1 - 2 years,New Zealand
"5,450 EUR per semester + one-time registration fee of 1,000 EUR and must pay the tuition fees for one semester in advance.",1 to 2 years,1 - 2 years,New Zealand
EUR 5450 / semester,1 to 2 years,1 - 2 years,New Zealand
EUR 5450 / semester,1 to 2 years,1 - 2 years,New Zealand
International Experience Track (7 semesters) | EUR 4725 / semester Fast Track (6 semesters) | EUR 5355 / semester,3 to 4 years,3 - 4 years,New Zealand
International Experience Track (7 semesters) | EUR 4725 / semester Fast Track (6 semesters) | EUR 5355 / semester,3 to 4 years,3 - 4 years,New Zealand
International Experience Track (7 semesters) | EUR 4725 / semester Fast Track (6 semesters) | EUR 5355 / semester,3 to 4 years,3 - 4 years,New Zealand
International Experience Track (7 semesters) | EUR 4725 / semester Fast Track (6 semesters) | EUR 5355 / semester,3to 3.5 years,3 - 4 years,New Zealand
International Experience Track (7 semesters) | EUR 4725 / semester Fast Track (6 semesters) | EUR 5355 / semester,3 to 4 years,3 - 4 years,New Zealand
International Experience Track (7 semesters) | EUR 4725 / semester Fast Track (6 semesters) | EUR 5355 / semester,3 to 4 years,3 - 4 years,New Zealand
"EUR 4,740 / semester",3 to 4 years,3 - 4 years,New Zealand
International Experience Track (7 semesters) | EUR 3900 / semester Fast Track (6 semesters) | EUR 4500 / semester,3 to 4 years,3 - 4 years,New Zealand
International Experience Track (7 semesters) | EUR 3900 / semester Fast Track (6 semesters) | EUR 4500 / semester,3 to 4 years,3 - 4 years,New Zealand
International Experience Track (7 semesters) | EUR 4725 / semester Fast Track (6 semesters) | EUR 5355 / semester,3  to 3.5 years,3 - 4 years,New Zealand
International Experience Track (7 semesters) | EUR 3900 / semester Fast Track (6 semesters) | EUR 4500 / semester,3 to 4 years,3 - 4 years,New Zealand
International Experience Track (7 semesters) | EUR 3900 / semester Fast Track (6 semesters) | EUR 4500 / semester,3 to 4 years,3 - 4 years,New Zealand
International Experience Track (7 semesters) | EUR 3900 / semester Fast Track (6 semesters) | EUR 4500 / semester,3 to 3.5 years,3 - 4 years,New Zealand
International Experience Track (7 semesters) | EUR 3900 / semester Fast Track (6 semesters) | EUR 4500 / semester,3 to 4 years,3 - 4 years,New Zealand
International Experience Track (7 semesters) | EUR 3900 / semester Fast Track (6 semesters) | EUR 4500 / semester,3 to 4 years,3 - 4 years,New Zealand
International Experience Track (7 semesters) | EUR 4800 / semester Fast Track (6 semesters) | EUR 5500 / semester,3 to 3.5 years,3 - 4 years,New Zealand
"EUR 4,725 / semester",3 to 4 years,3 - 4 years,New Zealand
"EUR 4,725 / semester ",3 to 4 years,3 - 4 years,New Zealand
"EUR 4,725 / semester",3 to 4 years,3 - 4 years,New Zealand
"EUR 4,500 / semester",3 to 4 years,3 - 4 years,New Zealand
"EUR 4,725 / semester (Citizenship non-EU/non-EEA)",3 to 3.5 years,3 - 4 years,New Zealand
"EUR 4,740 / semester ",3 to 4 years,3 - 4 years,New Zealand
 EUR 4800 / semester,3 to 4 years,3 - 4 years,New Zealand
"EUR 4,725 / semester (Citizenship non-EU/non-EEA)",3 to 3.5 years,3 - 4 years,New Zealand
International Experience Track (7 semesters) | EUR 4800 / semester Fast Track (6 semesters) | EUR 5500 / semester,3 to 4 years,3 - 4 years,New Zealand
International Experience Track (7 semesters) | EUR 4500 / semester Fast Track (6 semesters) | EUR 4900 / semester,3 to 4 years,3 - 4 years,New Zealand
International Experience Track (7 semesters) | EUR 4800 / semester Fast Track (6 semesters) | EUR 5500 / semester,3 to 4 years,3 - 4 years,New Zealand
"EUR 4,740 / semester (Citizenship non-EU/non-EEA)",3 to 3.5 years,3 - 4 years,New Zealand
"EUR 4,725 / semester",3 to 4 years,3 - 4 years,New Zealand
"EUR 4,740 / semester (Citizenship non-EU/non-EEA)",3 to 3.5 years,3 - 4 years,New Zealand
"EUR 4,740 / semester (Citizenship non-EU/non-EEA)",3 to 3.5 years,3 - 4 years,New Zealand
"EUR 4,725 / semester",3 to 4 years,3 - 4 years,New Zealand
"EUR 4,725 / semester",3 to 4 years,3 - 4 years,New Zealand
"EUR 4,500 / semester",3 to 4 years,3 - 4 years,New Zealand
"NZ$ 25,000",1 year full-time,1 - 2 years,New Zealand
"NZ$ 25,000",1 year full-time,1 - 2 years,New Zealand
International Experience Track (7 semesters) | EUR 4800 / semester Fast Track (6 semesters) | EUR 5500 / semester,3 to 4 years,3 - 4 years,New Zealand
"EUR 4,740 / semester (Citizenship non-EU/non-EEA)",3 to 3.5 years,3 - 4 years,New Zealand
"EUR 4,725 / semester",3 to 4 years,3 - 4 years,New Zealand
"EUR 4,740 / semester (Citizenship non-EU/non-EEA)",3 to 3.5 years,3 - 4 years,New Zealand
"EUR 4,740 / semester (Citizenship non-EU/non-EEA)",3 to 3.5 years,3 - 4 years,New Zealand
"EUR 4,725 / semester",3 to 4 years,3 - 4 years,New Zealand
"EUR 4,725 / semester",3 to 4 years,3 - 4 years,New Zealand
"EUR 4,500 / semester",3 to 4 years,3 - 4 years,New Zealand
"NZ$ 25,000",1 year full-time,1 - 2 years,New Zealand
"NZ$ 25,000",1 year full-time,1 - 2 years,New Zealand
"NZ$ 25,000",1 year full-time,1 - 2 years,New Zealand
"NZ$ 25,000",1 year full-time,1 - 2 years,New Zealand
"NZ$ 25,000",1 year full-time,1 - 2 years,New Zealand
"NZ$ 25,000",1 year full-time,1 - 2 years,New Zealand
"NZ$ 25,000",1 year full-time,1 - 2 years,New Zealand
"NZ$ 25,000",1 year full-time,1 - 2 years,New Zealand
"NZ$ 25,000",1 year full-time,1 - 2 years,New Zealand
"NZ$ 25,000",1 year full-time,1 - 2 years,New Zealand
"NZ$25,000 plus NZ$240",1 year,1 - 2 years,New Zealand
"NZ$20,400 plus NZ$240",40 weeks full-time,0 - 1 year,New Zealand
"NZ$20,400 plus NZ$240",40 weeks including six weeks of study break,0 - 1 year,New Zealand
"NZ$25,000 plus NZ$240",1 year,1 - 2 years,New Zealand
"NZ$20,400 plus NZ$240",40 weeks full-time,0 - 1 year,New Zealand
"NZ$20,400 plus NZ$240",40 weeks including six weeks of study break,0 - 1 year,New Zealand
"NZ$ 25,000",1 year full-time,1 - 2 years,Bulgaria
"NZ$ 25,000",1 year full-time,1 - 2 years,Bulgaria
"NZ$ 25,000",1 year full-time,1 - 2 years,Bulgaria
"NZ$ 25,000",1 year full-time,1 - 2 years,Bulgaria
"NZ$ 25,000",1 year full-time,1 - 2 years,Bulgaria
"NZ$ 25,000",1 year full-time,1 - 2 years,Bulgaria
"NZ$ 25,000",1 year full-time,1 - 2 years,Bulgaria
"NZ$ 25,000",1 year full-time,1 - 2 years,Afghanistan
"NZ$ 25,000",1 year full-time,1 - 2 years,Bulgaria
"NZ$ 25,000",1 year full-time,1 - 2 years,Bulgaria
"NZ$ 25,000",1 year full-time,1 - 2 years,Bulgaria
"NZ$ 25,000",1 year full-time,1 - 2 years,Bulgaria
"NZ$ 25,000",1 year full-time,1 - 2 years,Bulgaria
"NZ$ 25,000",1 year full-time,1 - 2 years,Bulgaria
"NZ$ 25,000",1 year full-time,1 - 2 years,Bulgaria
"NZ$ 25,000",1 year full-time,1 - 2 years,Bulgaria
"NZ$ 25,000",1 year full-time,1 - 2 years,Bulgaria
"NZ$ 25,000",1 year full-time,1 - 2 years,Bulgaria
"NZ$ 25,000",1 year full-time,1 - 2 years,Bulgaria
"NZ$ 25,000",1 year full-time,1 - 2 years,Bulgaria
"NZ$ 25,000",1 year full-time,1 - 2 years,Bulgaria
"NZ$ 25,000",1 year full-time,1 - 2 years,Bulgaria
,1 year full-time,1 - 2 years,Bulgaria
,1 year full-time,1 - 2 years,Bulgaria
,1 year full-time,1 - 2 years,Bulgaria
,1 year full-time,1 - 2 years,Bulgaria
,1 year full-time,1 - 2 years,Bulgaria
,1 year full-time,1 - 2 years,Bulgaria
,1 year full-time,1 - 2 years,Bulgaria
,1 year full-time,1 - 2 years,Bulgaria
,1 year full-time,1 - 2 years,Bulgaria
